LBL,Aggregate_grp,Aggregate_grp2,Func_grp,General_grouping,              Family,             Order ,Class ,TSN,NODC_CODE
bratislavia unidentata,.,.,.,.,.,.,.,.,
Branchiostoma caribaeum,.,.,.,amphioxus,Branchiostomatidae,Amphioxiformes,Leptocardii,159682,
acanthohaustorius intermedius,amphipods,amphipods_isopods,small_crust,amphipod,Haustoriidae ,Amphipoda,Malacostraca,,
acanthohaustorius millsi,amphipods,amphipods_isopods,small_crust,amphipod,Haustoriidae ,Amphipoda,Malacostraca,,
americhelidium americanum,amphipods,amphipods_isopods,small_crust,amphipod,Oedicerotidae,Amphipoda,Malacostraca,,
Ameroculodes species co,amphipods,amphipods_isopods,small_crust,amphipod,Oedicerotidae,Amphipoda,Malacostraca,#N/A,
ameroculodes species complex,amphipods,amphipods_isopods,small_crust,amphipod,Oedicerotidae,Amphipoda,Malacostraca,#N/A,
Ampelisca abdita,amphipods,amphipods_isopods,small_crust,amphipod,Ampeliscidae,Amphipoda,Malacostraca,93329,
Ampelisca spp.,amphipods,amphipods_isopods,small_crust,amphipod,Ampeliscidae,Amphipoda,Malacostraca,#N/A,
ampelisca vadorum,amphipods,amphipods_isopods,small_crust,amphipod,Ampeliscidae,Amphipoda,Malacostraca,,
Ampelisca verrilli,amphipods,amphipods_isopods,small_crust,amphipod,Ampeliscidae,Amphipoda,Malacostraca,93331,
amphipoda,amphipods,amphipods_isopods,small_crust,amphipod,.,Amphipoda,Malacostraca,,
ampithoe longimana,amphipods,amphipods_isopods,small_crust,amphipod,Ampithoidae,Amphipoda,Malacostraca,,
Ampithoe valida,amphipods,amphipods_isopods,small_crust,amphipod,Ampithoidae,Amphipoda,Malacostraca,93424,
ampithoidae,amphipods,amphipods_isopods,small_crust,amphipod,Ampithoidae,Amphipoda,Malacostraca,,
Apocorophium acutum,amphipods,amphipods_isopods,small_crust,amphipod,Corophioidea,Amphipoda,Malacostraca,#N/A,
Apocorophium lacustre,amphipods,amphipods_isopods,small_crust,amphipod,Corophioidea,Amphipoda,Malacostraca,#N/A,
Apocorophium simile,amphipods,amphipods_isopods,small_crust,amphipod,Corophioidea,Amphipoda,Malacostraca,#N/A,
apocorophium spp.,amphipods,amphipods_isopods,small_crust,amphipod,Corophioidea,Amphipoda,Malacostraca,,
Batea catharinensis,amphipods,amphipods_isopods,small_crust,amphipod,Bateidea      ,Amphipoda,Malacostraca,93528,
bathyporeia parkeri,amphipods,amphipods_isopods,small_crust,amphipod,Bathyporeiidae,Amphipoda,Malacostraca,,
Caprella equilibra,amphipods,amphipods_isopods,small_crust,amphipod,Caprellidae,Amphipoda,Malacostraca,95410,
Caprella penantis,amphipods,amphipods_isopods,small_crust,amphipod,Caprellidae,Amphipoda,Malacostraca,95419,
Cerapus tubularis,amphipods,amphipods_isopods,small_crust,amphipod,Ischyroceridae,Amphipoda,Malacostraca,93587,
Corophium spp.,amphipods,amphipods_isopods,small_crust,amphipod,Corophiidae,Amphipoda,Malacostraca,#N/A,
Crangonyx spp.,amphipods,amphipods_isopods,small_crust,amphipod,Crangonyctidae,Amphipoda,Malacostraca,#N/A,
cymadusa compta,amphipods,amphipods_isopods,small_crust,amphipod,Ampithoidae,Amphipoda,Malacostraca,,
dulichiella appendiculata,amphipods,amphipods_isopods,small_crust,amphipod,Melitidae ,Amphipoda,Malacostraca,,
Elasmopus laevis,amphipods,amphipods_isopods,small_crust,amphipod,Maeridae  ,Amphipoda,Malacostraca,93761,
eobrolgus spinosus,amphipods,amphipods_isopods,small_crust,amphipod,Phoxocephallidae,Amphipoda,Malacostraca,,
Ericthonius brasiliensi,amphipods,amphipods_isopods,small_crust,amphipod,Ischyroceridae,Amphipoda,Malacostraca,#N/A,
ericthonius brasiliensis,amphipods,amphipods_isopods,small_crust,amphipod,Ischyroceridae,Amphipoda,Malacostraca,,
Gammarus daiberi,amphipods,amphipods_isopods,small_crust,amphipod,Gammaridae,Amphipoda,Malacostraca,93779,
Gammarus fasciatus,amphipods,amphipods_isopods,small_crust,amphipod,Gammaridae,Amphipoda,Malacostraca,93780,
Gammarus palustris,amphipods,amphipods_isopods,small_crust,amphipod,Gammaridae,Amphipoda,Malacostraca,93782,
Gammarus spp.,amphipods,amphipods_isopods,small_crust,amphipod,Gammaridae,Amphipoda,Malacostraca,#N/A,
gammarus tigrinus,amphipods,amphipods_isopods,small_crust,amphipod,Gammaridae,Amphipoda,Malacostraca,,
gitanopsis spp.,amphipods,amphipods_isopods,small_crust,amphipod,Amphilochidae,Amphipoda,Malacostraca,,
Grandidierella spp.,amphipods,amphipods_isopods,small_crust,amphipod,Aoridae     ,Amphipoda,Malacostraca,#N/A,
hyalella azteca,amphipods,amphipods_isopods,small_crust,amphipod,Hyalellidae,Amphipoda,Malacostraca,,
Jassa falcata,amphipods,amphipods_isopods,small_crust,amphipod,Ischyroceridae,Amphipoda,Malacostraca,94171,
lembos smithi,amphipods,amphipods_isopods,small_crust,amphipod,Aoridae     ,Amphipoda,Malacostraca,,
Lepidactylus dytiscus,amphipods,amphipods_isopods,small_crust,amphipod,Haustoriidae,Amphipoda,Malacostraca,93998,
Leptocheirus plumulosus,amphipods,amphipods_isopods,small_crust,amphipod,Corophiidae,Amphipoda,Malacostraca,93486,
Leucothoidae,amphipods,amphipods_isopods,small_crust,amphipod,Leucothoidae,Amphipoda,Malacostraca,94196,
Listriella barnardi,amphipods,amphipods_isopods,small_crust,amphipod,Liljeborgiidae,Amphipoda,Malacostraca,94213,
Listriella bowenae,amphipods,amphipods_isopods,small_crust,amphipod,Liljeborgiidae,Amphipoda,Malacostraca,#N/A,
Listriella clymenellae,amphipods,amphipods_isopods,small_crust,amphipod,Liljeborgiidae,Amphipoda,Malacostraca,94214,
Listriella smithi,amphipods,amphipods_isopods,small_crust,amphipod,Liljeborgiidae,Amphipoda,Malacostraca,#N/A,
Listriella spp.,amphipods,amphipods_isopods,small_crust,amphipod,Liljeborgiidae,Amphipoda,Malacostraca,#N/A,
Melita nitida,amphipods,amphipods_isopods,small_crust,amphipod,Melitidae ,Amphipoda,Malacostraca,93812,
melita spp.,amphipods,amphipods_isopods,small_crust,amphipod,Melitidae ,Amphipoda,Malacostraca,,
mellita quinquiesperforata,amphipods,amphipods_isopods,small_crust,amphipod,Melitidae ,Amphipoda,Malacostraca,,
Microprotopus raneyi,amphipods,amphipods_isopods,small_crust,amphipod,Isaeidae      ,Amphipoda,Malacostraca,94122,
Monocorophium acherusic,amphipods,amphipods_isopods,small_crust,amphipod,Corophiidae,Amphipoda,Malacostraca,#N/A,
monocorophium acherusicum,amphipods,amphipods_isopods,small_crust,amphipod,Corophiidae,Amphipoda,Malacostraca,,
Monocorophium insidiosu,amphipods,amphipods_isopods,small_crust,amphipod,Corophiidae,Amphipoda,Malacostraca,#N/A,
monocorophium insidiosum,amphipods,amphipods_isopods,small_crust,amphipod,Corophiidae,Amphipoda,Malacostraca,,
Monocorophium tubercula,amphipods,amphipods_isopods,small_crust,amphipod,Corophiidae,Amphipoda,Malacostraca,#N/A,
monocorophium tuberculatum,amphipods,amphipods_isopods,small_crust,amphipod,Corophiidae,Amphipoda,Malacostraca,,
Mucrogammarus mucronatu,amphipods,amphipods_isopods,small_crust,amphipod,Gammaridae,Amphipoda,Malacostraca,#N/A,
mucrogammarus mucronatus,amphipods,amphipods_isopods,small_crust,amphipod,Gammaridae,Amphipoda,Malacostraca,,
Paracaprella tenuis,amphipods,amphipods_isopods,small_crust,amphipod,Caprellidae,Amphipoda,Malacostraca,95434,
parahaustorius longimerus,amphipods,amphipods_isopods,small_crust,amphipod,Haustoriidae,Amphipoda,Malacostraca,,
Parametopella cypris,amphipods,amphipods_isopods,small_crust,amphipod,Stenothoidae,Amphipoda,Malacostraca,94927,
Photis pollex,amphipods,amphipods_isopods,small_crust,amphipod,Photidae   ,Amphipoda,Malacostraca,94078,
photis reinhardi,amphipods,amphipods_isopods,small_crust,amphipod,Photidae   ,Amphipoda,Malacostraca,,
photis spp.,amphipods,amphipods_isopods,small_crust,amphipod,Photidae   ,Amphipoda,Malacostraca,,
Pleusymtes glaber,amphipods,amphipods_isopods,small_crust,amphipod,Pleustidae,Amphipoda,Malacostraca,94797,
protohaustorius deichmannae,amphipods,amphipods_isopods,small_crust,amphipod,Haustoriidae,Amphipoda,Malacostraca,,
protohaustorius wigleyi,amphipods,amphipods_isopods,small_crust,amphipod,Haustoriidae,Amphipoda,Malacostraca,,
pseudohaustorius caroliniensis,amphipods,amphipods_isopods,small_crust,amphipod,Haustoriidae,Amphipoda,Malacostraca,,
Rhepoxynius epistomus,amphipods,amphipods_isopods,small_crust,amphipod,Phoxocephallidae,Amphipoda,Malacostraca,94728,
stenopleustes gracilis,amphipods,amphipods_isopods,small_crust,amphipod,Pleustidae,Amphipoda,Malacostraca,,
Stenothoe minuta,amphipods,amphipods_isopods,small_crust,amphipod,Stenothoidae,Amphipoda,Malacostraca,94936,
stenothoe spp.,amphipods,amphipods_isopods,small_crust,amphipod,Stenothoidae,Amphipoda,Malacostraca,,
Unciola dissimilis,amphipods,amphipods_isopods,small_crust,amphipod,Unciolidae,Amphipoda,Malacostraca,93635,
Unciola irrorata,amphipods,amphipods_isopods,small_crust,amphipod,Unciolidae,Amphipoda,Malacostraca,93632,
Unciola serrata,amphipods,amphipods_isopods,small_crust,amphipod,Unciolidae,Amphipoda,Malacostraca,93633,
unciola spp.,amphipods,amphipods_isopods,small_crust,amphipod,Unciolidae,Amphipoda,Malacostraca,,
microdeutopus gryllotalpa,amphipods,amphipods_isopods,small_crust,amphipod,Aoridae     ,Amphipoda,Malacostraca,,
Balanus improvisus,.,.,.,barnacle,Balanidae      ,Sessilia             ,Maxillopoda,89622,
balanus spp.,.,.,.,barnacle,Balanidae      ,Sessilia             ,Maxillopoda,,
Macoma balthica,Macoma,Small_bivalve,bivalves,bivalve,Tellinidae   ,Cardiida       ,Bivalvia         ,#N/A,
Macoma mitchelli,Macoma,Small_bivalve,bivalves,bivalve,Tellinidae   ,Cardiida      ,Bivalvia         ,81054,
Macoma spp.,Macoma,Small_bivalve,bivalves,bivalve,Tellinidae   ,Cardiida            ,Bivalvia         ,#N/A,
Macoma tenta,Macoma,Small_bivalve,bivalves,bivalve,Tellinidae   ,Cardiida            ,Bivalvia         ,81055,
Anadara ovalis,other_bivalves,Large_bivalve,bivalves,bivalve,Arcidae        ,Arcoida       ,Bivalvia         ,79342,
Barnea truncata,other_bivalves,Large_bivalve,bivalves,bivalve,Pholadidae,Myida          ,Bivalvia         ,81798,
Corbicula fluminea,other_bivalves,Large_bivalve,bivalves,bivalve,Cyrenoidae,Veneroida  ,Bivalvia         ,81387,
crassostrea virginica,other_bivalves,Large_bivalve,bivalves,bivalve,Ostreidae,Ostreida,Bivalvia         ,,
Cyrtopleura costata,other_bivalves,Large_bivalve,bivalves,bivalve,Pholadidae,Myoida          ,Bivalvia         ,81796,
Dosinia discus,other_bivalves,Large_bivalve,bivalves,bivalve,Venerida   ,Veneroida  ,Bivalvia         ,81489,
Elliptio complanata,other_bivalves,Large_bivalve,bivalves,bivalve,Unionidae,Unionoida ,Bivalvia         ,79952,
Geukensia demissa,other_bivalves,Large_bivalve,bivalves,bivalve,Mytillidae   ,Mytiloida    ,Bivalvia         ,79555,
Ischadium recurvum,other_bivalves,Large_bivalve,bivalves,bivalve,Mytilidae   ,Mytiloida    ,Bivalvia         ,79561,
Mercenaria mercenaria,other_bivalves,Large_bivalve,bivalves,bivalve,Venerida   ,Veneroida  ,Bivalvia         ,81496,
Modiolus modiolus,other_bivalves,Large_bivalve,bivalves,bivalve,Mytillidae   ,Mytilida     ,Bivalvia         ,79501,
Mya arenaria,other_bivalves,Large_bivalve,bivalves,bivalve,Myidae       ,Myoida           ,Bivalvia         ,81692,
Mytilidae,other_bivalves,Large_bivalve,bivalves,bivalve,Mytilidae   ,Mytiloida    ,Bivalvia         ,#N/A,
Mytilus edulis,other_bivalves,Large_bivalve,bivalves,bivalve,Mytilidae             ,Mytiloida    ,Bivalvia         ,79454,
Petricola pholadiformis,other_bivalves,Large_bivalve,bivalves,bivalve,Petricolidae,veneroida  ,Bivalvia         ,81627,
polymesoda caroliniana,other_bivalves,Large_bivalve,bivalves,bivalve,Cyrenidae,Venerida,Bivalvia         ,,
Rangia cuneata,other_bivalves,Large_bivalve,bivalves,bivalve,Mactridae  ,veneroida  ,Bivalvia         ,80962,
spisula solidissima,other_bivalves,Large_bivalve,bivalves,bivalve,Mactridae  ,Venerida,Bivalvia         ,,
Unionidae,other_bivalves,Large_bivalve,bivalves,bivalve,Unionidae,Unionoida ,Bivalvia         ,79913,
Yoldia limatula,other_bivalves,Large_bivalve,bivalves,bivalve,Yoldiidae ,Nuculoida ,Bivalvia         ,79273,
Abra aequalis,other_bivalves,Small_bivalve,bivalves,bivalve,Semelidae,Cardiida            ,Bivalvia         ,81302,
Aligena elevata,other_bivalves,Small_bivalve,bivalves,bivalve,Lasaeidae    ,veneroida  ,Bivalvia         ,80685,
amygdalum papyrium,other_bivalves,Small_bivalve,bivalves,bivalve,Mytillidae   ,Mytilida     ,Bivalvia         ,,
Anadara transversa,other_bivalves,Small_bivalve,bivalves,bivalve,Arcidae        ,Arcoida       ,Bivalvia         ,79340,
anomia simplex,other_bivalves,Small_bivalve,bivalves,bivalve,Anomiidae,Pectinida,Bivalvia         ,,
arcuatula papyria,other_bivalves,Small_bivalve,bivalves,bivalve,Mytillidae   ,Mytilida     ,Bivalvia         ,,
Bivalvia,other_bivalves,Small_bivalve,bivalves,bivalve,.,.,Bivalvia         ,79118,
donax variabilis,other_bivalves,Small_bivalve,bivalves,bivalve,Donacidae,Cardiida,Bivalvia         ,,
Gemma gemma,other_bivalves,Small_bivalve,bivalves,bivalve,Venerida   ,Veneroida  ,Bivalvia         ,81511,
Lyonsia hyalina,other_bivalves,Small_bivalve,bivalves,bivalve,Lyonsiidae   ,Pholadomyoida,Bivalvia         ,81926,
Mulinia lateralis,other_bivalves,Small_bivalve,bivalves,bivalve,Mactridae  ,Veneroida  ,Bivalvia         ,80959,
Musculium spp.,other_bivalves,Small_bivalve,bivalves,bivalve,Sphaeriidae,Veneroida  ,Bivalvia         ,#N/A,
Musculium transversum,other_bivalves,Small_bivalve,bivalves,bivalve,Sphaeriidae,Veneroida  ,Bivalvia         ,81428,
Mysella planulata,other_bivalves,Small_bivalve,bivalves,bivalve,Montacutidae,Veneroida  ,Bivalvia         ,80661,
Mytilopsis leucophaeata,other_bivalves,Small_bivalve,bivalves,bivalve,Dreissenidae,Veneroida  ,Bivalvia         ,81335,
Nucula proxima,other_bivalves,Small_bivalve,bivalves,bivalve,Nuculidae  ,Nuculida ,Bivalvia         ,79132,
Nuculana messanensis,other_bivalves,Small_bivalve,bivalves,bivalve,Nuculanidae ,Nuculoida ,Bivalvia         ,79212,
Nuculana spp.,other_bivalves,Small_bivalve,bivalves,bivalve,Nuculanidae ,Nuculoida ,Bivalvia         ,#N/A,
Pandora gouldiana,other_bivalves,Small_bivalve,bivalves,bivalve,Pandoridae,Pholadomyoida,Bivalvia         ,81896,
Pandora trilineata,other_bivalves,Small_bivalve,bivalves,bivalve,Pandoridae,Pholadomyoida,Bivalvia         ,81895,
Parvilucina crenella,other_bivalves,Small_bivalve,bivalves,bivalve,Lucinidae  ,Lucinida  ,Bivalvia         ,80390,
Periploma spp.,other_bivalves,Small_bivalve,bivalves,bivalve,Perplomatidae ,Pholadomyoida,Bivalvia         ,#N/A,
pisidium compressum,other_bivalves,Small_bivalve,bivalves,bivalve,Sphaeriidae,veneroida  ,Bivalvia         ,,
Pisidium spp.,other_bivalves,Small_bivalve,bivalves,bivalve,Sphaeriidae,veneroida  ,Bivalvia         ,#N/A,
semele purpurascens,other_bivalves,Small_bivalve,bivalves,bivalve,Semelidae,Cardiida,Bivalvia         ,,
Solemya velum,other_bivalves,Small_bivalve,bivalves,bivalve,Solemyidae,Solemyoida,Bivalvia         ,79316,
Sphaeriidae,other_bivalves,Small_bivalve,bivalves,bivalve,Sphaeriidae,Veneroida  ,Bivalvia         ,81389,
Sphaerium spp.,other_bivalves,Small_bivalve,bivalves,bivalve,Sphaeriidae,Veneroida  ,Bivalvia         ,#N/A,
Tellina agilis,other_bivalves,Small_bivalve,bivalves,bivalve,Tellinidae   ,Cardida      ,Bivalvia         ,81088,
Tellinidae,other_bivalves,Small_bivalve,bivalves,bivalve,Tellinidae   ,Cardida      ,Bivalvia         ,81032,
Ensis directus,Razor_clams,Large_bivalve,bivalves,bivalve,Pharidae     ,Adapedonta,Bivalvia         ,81022,
siliqua costata,Razor_clams,Large_bivalve,bivalves,bivalve,Pharidae     ,Adapedonta,Bivalvia         ,,
Tagelus divisus,Razor_clams,Large_bivalve,bivalves,bivalve,Solecurtidae,Cardiida    ,Bivalvia         ,81274,
Tagelus plebeius,Razor_clams,Large_bivalve,bivalves,bivalve,Solecurtidae,Cardiida    ,Bivalvia         ,81272,
Hutchinsoniella macraca,.,.,.,brachypoda,Hutchinsoniella ,Brachypoda,Cephalocarida,#N/A,
hutchinsoniella macracantha,.,.,.,brachypoda,Hutchinsoniella ,Brachypoda,Cephalocarida,,
ablabesmyia mallochi,chironomid,chironomid,insect,chironomid,Chironomidae,Diptera          ,Insecta       ,,
Ablabesmyia parajanta,chironomid,chironomid,insect,chironomid,Chironomidae,Diptera          ,Insecta       ,128112,
Ablabesmyia spp.,chironomid,chironomid,insect,chironomid,Chironomidae,Diptera          ,Insecta       ,#N/A,
axarus spp.,chironomid,chironomid,insect,chironomid,Chironomidae,Diptera          ,Insecta       ,,
Chironomidae,chironomid,chironomid,insect,chironomid,Chironomidae,Diptera          ,Insecta         ,127917,
Chironomidae pupae,chironomid,chironomid,insect,chironomid,Chironomidae,Diptera          ,Insecta         ,#N/A,
Chironomini,chironomid,chironomid,insect,chironomid,Chironomidae,Diptera          ,Insecta         ,129229,
Chironomus spp.,chironomid,chironomid,insect,chironomid,Chironomidae,Diptera          ,Insecta         ,#N/A,
Cladotanytarsus spp.,chironomid,chironomid,insect,chironomid,Chironomidae,Diptera          ,Insecta       ,#N/A,
cladotanytarsus spp. b epler,chironomid,chironomid,insect,chironomid,Chironomidae,Diptera          ,Insecta       ,#N/A,
cladotanytarsus viridiventris,chironomid,chironomid,insect,chironomid,Chironomidae,Diptera          ,Insecta       ,129877,
Clinotanypus pinguis,chironomid,chironomid,insect,chironomid,Chironomidae,Diptera          ,Insecta       ,127998,
Coelotanypus spp.,chironomid,chironomid,insect,chironomid,Chironomidae,Diptera          ,Insecta       ,#N/A,
cricotopus bicinctus,chironomid,chironomid,insect,chironomid,Chironomidae,Diptera          ,Insecta       ,,
Cricotopus sylvestris,chironomid,chironomid,insect,chironomid,Chironomidae,Diptera          ,Insecta       ,128645,
cricotopus/orthocladius grp.,chironomid,chironomid,insect,chironomid,Chironomidae,Diptera          ,Insecta       ,,
Cryptochironomus fulvus,chironomid,chironomid,insect,chironomid,Chironomidae,Diptera          ,Insecta       ,129376,
Cryptochironomus parafu,chironomid,chironomid,insect,chironomid,Chironomidae,Diptera          ,Insecta       ,#N/A,
cryptochironomus parafulvus,chironomid,chironomid,insect,chironomid,Chironomidae,Diptera          ,Insecta       ,,
Cryptochironomus spp.,chironomid,chironomid,insect,chironomid,Chironomidae,Diptera          ,Insecta       ,#N/A,
dicrotendipes neomodestus,chironomid,chironomid,insect,chironomid,Chironomidae,Diptera          ,Insecta       ,129452,
Dicrotendipes nervosus,chironomid,chironomid,insect,chironomid,Chironomidae,Diptera          ,Insecta       ,129452,
dicrotendipes spp.,chironomid,chironomid,insect,chironomid,Chironomidae,Diptera          ,Insecta       ,,
empididae,insect,insect,insect,insect,Empididae,Diptera          ,Insecta       ,,
Epoicocladius spp.,chironomid,chironomid,insect,chironomid,Chironomidae         ,Diptera          ,Insecta       ,#N/A,
Glyptotendipes spp.,chironomid,chironomid,insect,chironomid,Chironomidae      ,Diptera          ,Insecta       ,#N/A,
kiefferulus spp.,chironomid,chironomid,insect,chironomid,Chironomidae,Diptera,Insecta,,
labrundinia spp.,chironomid,chironomid,insect,chironomid,Chironomidae,Diptera,Insecta,,
lipiniella spp.,chironomid,chironomid,insect,chironomid,Chironomidae,Diptera,Insecta,,
Nanocladius distinctus,chironomid,chironomid,insect,chironomid,Chironomidae          ,Diptera          ,Insecta       ,128853,
nanocladius spp.,chironomid,chironomid,insect,chironomid,Chironomidae          ,Diptera          ,Insecta       ,,
Natarsia spp.,chironomid,chironomid,insect,chironomid,Chironomidae        ,Diptera          ,Insecta       ,#N/A,
Orthocladiinae,chironomid,chironomid,insect,chironomid,Chironomidae    ,Diptera          ,Insecta       ,128457,
parametriocnemus spp.,chironomid,chironomid,insect,chironomid,Chironomidae,Diptera,Insecta,,
Polypedilum convictum,chironomid,chironomid,insect,chironomid,Chironomidae,Diptera          ,Insecta         ,129671,
Polypedilum halterale g,chironomid,chironomid,insect,chironomid,Chironomidae,Diptera          ,Insecta         ,#N/A,
polypedilum halterale group,chironomid,chironomid,insect,chironomid,Chironomidae,Diptera          ,Insecta         ,,
Polypedilum illinoense,chironomid,chironomid,insect,chironomid,Chironomidae,Diptera          ,Insecta         ,129686,
polypedilum illinoense group,chironomid,chironomid,insect,chironomid,Chironomidae,Diptera          ,Insecta         ,,
polypedilum scalaenum group,chironomid,chironomid,insect,chironomid,Chironomidae,Diptera          ,Insecta         ,,
polypedilum simulans/digitifer,chironomid,chironomid,insect,chironomid,Chironomidae,Diptera          ,Insecta         ,,
Polypedilum spp.,chironomid,chironomid,insect,chironomid,Chironomidae,Diptera          ,Insecta         ,#N/A,
Procladius spp.,chironomid,chironomid,insect,chironomid,Chironomidae      ,Diptera             ,Insecta       ,#N/A,
Procladius sublettei,chironomid,chironomid,insect,chironomid,Chironomidae      ,Diptera             ,Insecta       ,128316,
Pseudochironomus fulviv,chironomid,chironomid,insect,chironomid,Chironomidae,Diptera          ,Insecta         ,#N/A,
pseudochironomus fulviventris,chironomid,chironomid,insect,chironomid,Chironomidae,Diptera          ,Insecta         ,,
Rheotanytarsus spp.,chironomid,chironomid,insect,chironomid,Chironominae,Diptera             ,Insecta       ,#N/A,
Stictochironomus caffar,chironomid,chironomid,insect,chironomid,Chironomidae          ,Diptera             ,Insecta       ,#N/A,
stictochironomus caffarius,chironomid,chironomid,insect,chironomid,Chironomidae          ,Diptera             ,Insecta       ,,
Stictochironomus spp. g,chironomid,chironomid,insect,chironomid,Chironomidae          ,Diptera             ,Insecta       ,#N/A,
stictochironomus spp. group,chironomid,chironomid,insect,chironomid,Chironomidae          ,Diptera             ,Insecta       ,,
Tanypus neopunctipennis,chironomid,chironomid,insect,chironomid,Chironomidae          ,Diptera             ,Insecta       ,128329,
Tanypus spp.,chironomid,chironomid,insect,chironomid,Chironomidae          ,Diptera             ,Insecta       ,#N/A,
tanypus stellatus,chironomid,chironomid,insect,chironomid,Chironomidae          ,Diptera             ,Insecta       ,,
Tanytarsini,chironomid,chironomid,insect,chironomid,Chironomidae          ,Diptera             ,Insecta       ,129872,
Tanytarsus spp.,chironomid,chironomid,insect,chironomid,Chironomidae          ,Diptera             ,Insecta       ,#N/A,
Tanytarsus spp. G Epler,chironomid,chironomid,insect,chironomid,Chironomidae          ,Diptera             ,Insecta       ,#N/A,
Thienemannimyia group,chironomid,chironomid,insect,chironomid,Chironomidae          ,Diptera             ,Insecta       ,#N/A,
Xenochironomus spp.,chironomid,chironomid,insect,chironomid,Chironomidae,Diptera          ,Insecta          ,#N/A,
parachironomus spp.,chironomid,chironomid,insect,chironomid,Chironomidae,Diptera,Insecta,,
Anthozoa,.,.,.,cnidaria,.,.,.,51938,
Ceriantheopsis american,.,.,.,cnidaria,Cerianthidae,Spirularia,Anthozoa      ,#N/A,
ceriantheopsis americanus,.,.,.,cnidaria,Cerianthidae,Spirularia,Anthozoa      ,#N/A,
Diadumene leucolena,.,.,.,cnidaria,Diadumenidae,Actiniaria ,Anthozoa,52749,
Edwardsia elegans,.,.,.,cnidaria,Edwardsiidae,Actiniaria ,Anthozoa,52489,
Eunicea spp.,.,.,.,cnidaria,Plexauridae,Alcyonacea,Anthozoa,#N/A,
haloclava producta,.,.,.,cnidarian,Haloclavidae,Actiniaria ,anthozoa,,
Almyracuma proximoculi,small_crust,small_crust,small_crust,cumacean,Nannastacidae,Cumacea,Malacostraca,90979,
Cyclaspis varians,small_crust,small_crust,small_crust,cumacean,Bodotriidae,Cumacea,Malacostraca,91033,
diastylis polita,small_crust,small_crust,small_crust,cumacean,Diastylidae,Cumacea,Malacostraca,,
Leucon americanus,small_crust,small_crust,small_crust,cumacean,Leuconidae,Cumacea,Malacostraca,90790,
mancocuma stellifera,small_crust,small_crust,small_crust,cumacean,Bodotriidae,Cumacea,Malacostraca,,
Oxyurostylis smithi,small_crust,small_crust,small_crust,cumacean,Diastylidae,Cumacea,Malacostraca,90923,
Pseudoleptocuma minor,small_crust,small_crust,small_crust,cumacean,Bodotriidae,Cumacea,Malacostraca,91040,
Decapoda,.,.,.,decapod,.,Decapoda,Malacostraca,95599,
Callinectes sapidus,decapod_crab,large_decapod,decapod_crab,decapod_crab,Portunidae,Decapoda,Malacostraca,98696,
Brachyura,decapod_crab,large_decapod,decapod_crab,decapod_crab,.,Decapoda,Malacostraca,98276,
Brachyuran zoea,decapod_crab,large_decapod,decapod_crab,decapod_crab,.,Decapoda,Malacostraca,#N/A,
Dyspanopeus sayi,decapod_crab,large_decapod,decapod_crab,decapod_crab,Panopeidae,Decapoda,Malacostraca,98901,
Euceramus praelongus,decapod_crab,large_decapod,decapod_crab,decapod_crab,Porcellanidae,Decapoda,Malacostraca,98081,
Eurypanopeus depressus,decapod_crab,large_decapod,decapod_crab,decapod_crab,Panopeidae,Decapoda,Malacostraca,98759,
Hexapanopeus angustifro,decapod_crab,large_decapod,decapod_crab,decapod_crab,Panopeidae,Decapoda,Malacostraca,#N/A,
hexapanopeus angustifrons,decapod_crab,large_decapod,decapod_crab,decapod_crab,Panopeidae,Decapoda,Malacostraca,,
ovalipes ocellatus,decapod_crab,large_decapod,decapod_crab,decapod_crab,Ovalipidae,Decapoda,Malacostraca,,
pagurus acadianus,decapod_crab,large_decapod,decapod_crab,decapod_crab,Paguridae,Decapoda ,Malacostraca,,
Pagurus annulipes,decapod_crab,large_decapod,decapod_crab,decapod_crab,Paguridae,Decapoda ,Malacostraca,97804,
Pagurus longicarpus,decapod_crab,large_decapod,decapod_crab,decapod_crab,Paguridae,Decapoda ,Malacostraca,97807,
pagurus pubescens,decapod_crab,large_decapod,decapod_crab,decapod_crab,Paguridae,Decapoda ,Malacostraca,,
Pagurus spp.,decapod_crab,large_decapod,decapod_crab,decapod_crab,Paguridae,Decapoda ,Malacostraca,#N/A,
Pinnixa chaetopterana,decapod_crab,large_decapod,decapod_crab,decapod_crab,Pinnotheridae,Decapoda ,Malacostraca,98998,
pinnixa lunzi,decapod_crab,large_decapod,decapod_crab,decapod_crab,Pinnotheridae,Decapoda ,Malacostraca,,
Pinnixa retinens,decapod_crab,large_decapod,decapod_crab,decapod_crab,Pinnotheridae,Decapoda ,Malacostraca,99001,
Pinnixa sayana,decapod_crab,large_decapod,decapod_crab,decapod_crab,Pinnotheridae,Decapoda ,Malacostraca,99002,
Pinnixa spp.,decapod_crab,large_decapod,decapod_crab,decapod_crab,Pinnotheridae,Decapoda ,Malacostraca,#N/A,
Polyonyx gibbesi,decapod_crab,large_decapod,decapod_crab,decapod_crab,Porcellanidae,Decapoda ,Malacostraca,98083,
Rhithropanopeus harrisi,decapod_crab,large_decapod,decapod_crab,decapod_crab,Panopeidae,Decapoda ,Malacostraca,#N/A,
rhithropanopeus harrisii,decapod_crab,large_decapod,decapod_crab,decapod_crab,Panopeidae,Decapoda ,Malacostraca,,
Xanthidae,decapod_crab,large_decapod,decapod_crab,decapod_crab,Xanthidae,Decapoda ,Malacostraca,98748,
Panopeus herbstii,decapod_crab,large_decapod,decapod_crab,decapod_crab,Panopeidae,Decapoda ,Malacostraca,98778,
Alpheus heterochaelis,large_shrimp,large_decapod,decapod_shrimp,decapod_shrimp,Alpheidae ,Decapoda ,Malacostraca,96602,
Automate evermanni,large_shrimp,large_decapod,decapod_shrimp,decapod_shrimp,Alpheidae ,Decapoda ,Malacostraca,96679,
Ogyrides alphaerostris,large_shrimp,large_decapod,decapod_shrimp,decapod_shrimp,Ogyrididae ,Decapoda ,Malacostraca,96737,
Palaemonetes pugio,large_shrimp,large_decapod,decapod_shrimp,decapod_shrimp,Palaemonidae,Decapoda ,Malacostraca,96390,
Palaemonetes spp.,large_shrimp,large_decapod,decapod_shrimp,decapod_shrimp,Palaemonidae,Decapoda ,Malacostraca,#N/A,
Palaemonidae,large_shrimp,large_decapod,decapod_shrimp,decapod_shrimp,Palaemonidae,Decapoda ,Malacostraca,96213,
trachypenaeus constrictus,large_shrimp,large_decapod,decapod_shrimp,decapod_shrimp,Penaeidae,Decapoda,Malacostraca,,
Echinoidea,.,.,.,echinoderm,.,.,.,157821,
Microphiopholis atra,.,.,.,echinoderm,Amphiuridae,Ophiurida,Ophiuroidea,#N/A,
Ophiuroidea,.,.,.,echinoderm,.,.,.,157325,
arbacia punctulata,.,.,.,echinoderm,Arbaciidae,Arbacioida,Echinoidea,,
urnatella gracilis,.,.,.,Entroprocta,Barentsiidae,.,.,,
Euplana gracilis,other_worms,other_worms,worms,flatworm,Euplanidae,Polycladida,Rhabditophora,54139,
Stylochus ellipticus,other_worms,other_worms,worms,flatworm,Stylochidae,Polycladida,Trepaxonemata,54089,
Turbellaria,other_worms,other_worms,worms,flatworm,.,.,.,53964,
Acteocina canaliculata,gastropod,gastropod,Gastropods,gastropod,Acteocinidae,Cephalaspidea,Gastropoda,76117,
Amnicola limosa,gastropod,gastropod,Gastropods,gastropod,Amnicolidae,Cephalaspidea,Gastropoda,70748,
amnicola spp.,gastropod,gastropod,Gastropods,gastropod,Amnicolidae,Cephalaspidea,Gastropoda,,
Anachis avara,gastropod,gastropod,Gastropods,gastropod,Columbellidae,Neogastropoda,Gastropoda,73617,
Anachis obesa,gastropod,gastropod,Gastropods,gastropod,Columbellidae,Neogastropoda,Gastropoda,73622,
ancylidae,gastropod,gastropod,Gastropods,gastropod,Planorbidae,Planorboidea,Gastropoda,,
Astyris lunata,gastropod,gastropod,Gastropods,gastropod,Columbellidae,Neogastropoda,Gastropoda,#N/A,
basommatophora,gastropod,gastropod,Gastropods,gastropod,.,Basommatophora,Gastropoda,,
bellamya japonica,gastropod,gastropod,Gastropods,gastropod,Viviparidae,Architaenioglossa,Gastropoda,,
boonea impressa,gastropod,gastropod,Gastropods,gastropod,Pyramidellidae,Heterobranchia,Gastropoda,,
busycon canaliculatum,gastropod,gastropod,Gastropods,gastropod,Buccinidae,Neogastropoda,Gastropoda,,
busycon carica,gastropod,gastropod,Gastropods,gastropod,Buccinidae,Neogastropoda,Gastropoda,,
busycon spp.,gastropod,gastropod,Gastropods,gastropod,Buccinidae,Neogastropoda,Gastropoda,,
Caecum pulchellum,gastropod,gastropod,Gastropods,gastropod,Caecidae,Littorinimorpha ,Gastropoda,71380,
Campeloma decisum,gastropod,gastropod,Gastropods,gastropod,Viviparidae,Architaenioglossa,Gastropoda,70312,
cerithiopsis greeni,gastropod,gastropod,Gastropods,gastropod,Cerithiopsidae,Caenongastropoda,Gastropoda,,
cipangopaludina chinensis,gastropod,gastropod,Gastropods,gastropod,Viviparidae,Architaenioglossa,Gastropoda,,
Crassispira ostrearum,gastropod,gastropod,Gastropods,gastropod,Turridae    ,Neogastropoda,Gastropoda,74901,
cratena pilata,gastropod,gastropod,Gastropods,gastropod,Facelinidae,Heterobranchia,Gastropoda,,
Crepidula fornicata,gastropod,gastropod,Gastropods,gastropod,Calyptraeidae,Littorinimorpha ,Gastropoda,72623,
crepidula plana,gastropod,gastropod,Gastropods,gastropod,Calyptraeidae,Littorinimorpha ,Gastropoda,,
crepidula spp.,gastropod,gastropod,Gastropods,gastropod,Calyptraeidae,Littorinimorpha ,Gastropoda,,
Cylichnella bidentata,gastropod,gastropod,Gastropods,gastropod,Cylichnidae,Cephalaspidea,Gastropoda,76141,
Epitonium multistriatum,gastropod,gastropod,Gastropods,gastropod,Epitoniidae,Caenongastropoda,Gastropoda,72247,
Epitonium rupicola,gastropod,gastropod,Gastropods,gastropod,Epitoniidae,Caenongastropoda,Gastropoda,72249,
Epitonium spp.,gastropod,gastropod,Gastropods,gastropod,Epitoniidae,Caenongastropoda,Gastropoda,#N/A,
Ferrissia rivularis,gastropod,gastropod,Gastropods,gastropod,Ancylidae,Basommatophora,Gastropoda,76572,
ferrissia spp.,gastropod,gastropod,Gastropods,gastropod,Ancylidae,Basommatophora,Gastropoda,,
Gastropoda,gastropod,gastropod,Gastropods,gastropod,.,.,Gastropoda,69459,
Goniobasis virginica,gastropod,gastropod,Gastropods,gastropod,Pleuroceridae,,Gastropoda,71852,
Gyraulus spp.,gastropod,gastropod,Gastropods,gastropod,Planorbidae,,Gastropoda,#N/A,
Haminoea solitaria,gastropod,gastropod,Gastropods,gastropod,Haminoeidae,Cephalaspidea,Gastropoda,76258,
hydrobia spp.,gastropod,gastropod,Gastropods,gastropod,Hydrobiidae,Littorinimorpha,Gastropoda,,
Hydrobia truncata,gastropod,gastropod,Gastropods,gastropod,Hydrobiidae,Littorinimorpha,Gastropoda,70495,
Hydrobiidae,gastropod,gastropod,Gastropods,gastropod,Hydrobiidae,Littorinimorpha,Gastropoda,70493,
ilyanassa obsoleta,gastropod,gastropod,Gastropods,gastropod,Nassariidae,Neogastropoda,Gastropoda,,
Kurtziella atrostyla,gastropod,gastropod,Gastropods,gastropod,Mangeliidae,Neogastropoda,Gastropoda,74804,
Kurtziella cerina,gastropod,gastropod,Gastropods,gastropod,Mangeliidae,Neogastropoda,Gastropoda,74806,
laevapex fuscus,gastropod,gastropod,Gastropods,gastropod,Planorbidae,Planorboidea,Gastropoda,,
laevapex spp.,gastropod,gastropod,Gastropods,gastropod,Planorbidae,Planorboidea,Gastropoda,,
lioplax subcarinata,gastropod,gastropod,Gastropods,gastropod,Viviparidae,Architaenioglossa,Gastropoda,,
Littoridinops tenuipes,gastropod,gastropod,Gastropods,gastropod,Hydrobiidae,Littorinimorpha,Gastropoda,70528,
lymnaeidae,gastropod,gastropod,Gastropods,gastropod,Lymnaeidae,Heterobranchia,Gastropoda,,
Mangelia plicosa,gastropod,gastropod,Gastropods,gastropod,Mangeliidae,Neogastropoda,Gastropoda,74568,
Menetus dilatatus,gastropod,gastropod,Gastropods,gastropod,Planorboidea,Pulmonata,Gastropoda,205210,
Nassarius spp.,gastropod,gastropod,Gastropods,gastropod,Nassaridae,caenogastropoda,Gastropoda,#N/A,
Nassarius trivittatus,gastropod,gastropod,Gastropods,gastropod,Nassaridae,caenogastropoda,Gastropoda,74109,
Nassarius vibex,gastropod,gastropod,Gastropods,gastropod,Nassaridae,caenogastropoda,Gastropoda,74107,
naticidae,gastropod,gastropod,Gastropods,gastropod,Naticidae,Littorinimorpha,Gastropoda,,
Nudibranchia,gastropod,gastropod,Gastropods,gastropod,.,Nudibranchia,Gastropoda,78156,
Odostomia engonia,gastropod,gastropod,Gastropods,gastropod,Pyramidellidae,Heterostropha,Gastropoda,75504,
Odostomia spp.,gastropod,gastropod,Gastropods,gastropod,Pyramidellidae,Heterostropha,Gastropoda,#N/A,
physa spp.,gastropod,gastropod,Gastropods,gastropod,Physidae,Heterobranchia,Gastropoda,,
physella spp.,gastropod,gastropod,Gastropods,gastropod,Physidae,Heterobranchia,Gastropoda,,
planorbidae,gastropod,gastropod,Gastropods,gastropod,Planorbidae,Planorboidea,Gastropoda,,
pleurocera spp.,gastropod,gastropod,Gastropods,gastropod,Pleuroceridae,Cerithioidae,Gastropoda,,
Polinices duplicatus,gastropod,gastropod,Gastropods,gastropod,Naticidae,Littorinimorpha,Gastropoda,72918,
polinices spp.,gastropod,gastropod,Gastropods,gastropod,Naticidae,Littorinimorpha,Gastropoda,,
Prunum roscidum,gastropod,gastropod,Gastropods,gastropod,Marginellidae,Neogastropoda,Gastropoda,74409,
Pyramidellidae,gastropod,gastropod,Gastropods,gastropod,Pyramidellidae,Heterostropha,Gastropoda,75446,
Rictaxis punctostriatus,gastropod,gastropod,Gastropods,gastropod,Acteocinidae,Heterostropha,Gastropoda,76083,
Sayella chesapeakea,gastropod,gastropod,Gastropods,gastropod,Pyramidellidae,Heterostropha,Gastropoda,70946,
seila adamsi,gastropod,gastropod,Gastropods,gastropod,Cerithiopsidae,caenogastropoda,Gastropoda,,
skeneopsis planorbis,gastropod,gastropod,Gastropods,gastropod,Skeneopsidae,Littorinimorpha,Gastropoda,,
terebra dislocata,gastropod,gastropod,Gastropods,gastropod,Terebridae,Neogastropoda,Gastropoda,,
Turbonilla interrupta,gastropod,gastropod,Gastropods,gastropod,Pyramidellidae,Heterostropha,Gastropoda,75687,
Turbonilla spp.,gastropod,gastropod,Gastropods,gastropod,Pyramidellidae,Heterostropha,Gastropoda,#N/A,
turridae,gastropod,gastropod,Gastropods,gastropod,Turridae    ,Neogastropoda,Gastropoda,,
urosalpinx cinerea,gastropod,gastropod,Gastropods,gastropod,Muricidae,caenogastropoda,Gastropoda,,
valvata sincera,gastropod,gastropod,Gastropods,gastropod,Valvatidae,Valvatoidea,Gastropoda,,
valvata spp.,gastropod,gastropod,Gastropods,gastropod,Valvatidae,Valvatoidea,Gastropoda,,
viviparidae,gastropod,gastropod,Gastropods,gastropod,Viviparidae,caenogastropoda,Gastropoda,,
viviparus georgianus,gastropod,gastropod,Gastropods,gastropod,Viviparidae,caenogastropoda,Gastropoda,,
Balanoglossus aurantiac,.,.,.,hemichordate,Ptychoderidae,Enteropneusta,Enteropneusta,#N/A,
balanoglossus aurantiacus,.,.,.,hemichordate,Ptychoderidae,Enteropneusta,Enteropneusta,,
Hemichordata,.,.,.,hemichordate,.,Enteropneusta,Enteropneusta,158616,
Saccoglossus kowalevski,.,.,.,hemichordate,Harrimaniidae,Enteropneusta,Enteropneusta,#N/A,
saccoglossus kowalevskii,.,.,.,hemichordate,Harrimaniidae,Enteropneusta,Enteropneusta,,
holothuroidea,.,.,.,holothurian,.,.,Holothuroidea,,
pentamera pulcherrima,.,.,.,holothurian,Phyllophoridae,Dendrochirotida,Holothuroidea,,
thyonella pervicax,.,.,.,holothurian,Cucumariidae,Dendrochirotida,Holothuroidea,,
Limulus polyphemus,.,.,.,horseshoe crab,Limulidae,Xiphosura,Merostomata,82703,
Hydracarina,.,.,.,hydrachnidiae,Hydrachnellae,Trombidiformes,Archanida,#N/A,
Biffarius biformis,large_shrimp,large_decapod,decapod_shrimp,Infaunal_shrimp,Callianassidae ,Decapoda ,Malacostraca,#N/A,
Callianassa setimanus,large_shrimp,large_decapod,decapod_shrimp,Infaunal_shrimp,Callianassidae ,Decapoda ,Malacostraca,97760,
Upogebia affinis,large_shrimp,large_decapod,decapod_shrimp,Infaunal_shrimp,Upogebiidae,Decapoda ,Malacostraca,98209,
Aeshna spp.,insect,insect,insect,insect,Aeshnidae,odonata     ,Insecta       ,#N/A,
Bezzia spp.,insect,insect,insect,insect,Ceratopogonidae,Diptera          ,Insecta       ,#N/A,
Caenis spp.,insect,insect,insect,insect,Caenidae,Ephemeroptera,Insecta       ,#N/A,
Ceratopogonidae,insect,insect,insect,insect,Ceratopogonidae,Diptera          ,Insecta       ,127076,
Dromogomphus armatus,insect,insect,insect,insect,Gomphidae,odonata     ,Insecta       ,101731,
Dubiraphia spp.,insect,insect,insect,insect,Elmidae       ,Coleoptera,Insecta       ,#N/A,
Elmidae,insect,insect,insect,insect,Elmidae       ,Coleoptera,Insecta       ,114093,
Enallagma spp.,insect,insect,insect,insect,Coenagriionidae,odonata     ,Insecta       ,#N/A,
Gomphidae,insect,insect,insect,insect,Gomphidae       ,odonata     ,Insecta       ,101664,
gomphus spp.,insect,insect,insect,insect,Gomphidae       ,odonata     ,Insecta       ,,
Hydroptila spp.,insect,insect,insect,insect,Hydroptillidae ,Trichoptera,Insecta       ,#N/A,
Hydroptilidae,insect,insect,insect,insect,Hydroptillidae ,Trichoptera,Insecta       ,115629,
Optioservus spp.,insect,insect,insect,insect,Elmidae               ,Coleoptera,Insecta       ,#N/A,
Palpomyia spp.,insect,insect,insect,insect,Ceratopogonidae          ,Diptera          ,Insecta       ,#N/A,
Probezzia spp.,insect,insect,insect,insect,Ceratopogonidae         Diptera,Diptera             ,Insecta       ,#N/A,
Trichoptera,insect,insect,insect,insect,.              ,Trichoptera,Insecta       ,115095,
acentria ephemerella,insect,insect,insect,insect,Crambidae,Lepidoptera,Insecta       ,,
agraylea spp.,insect,insect,insect,insect,Hydroptillidae ,Trichoptera,Insecta       ,,
baetidae,insect,insect,insect,insect,Baetidae,Ephemeroptera,Insecta       ,,
baetis spp.,insect,insect,insect,insect,Baetidae,Ephemeroptera,Insecta       ,,
cernotina spp.,insect,insect,insect,insect,Polycentropodidae,Trichoptera,Insecta,,
chaoborus albatus,insect,insect,insect,insect,Chaoboridae,Diptera          ,Insecta       ,125905,
Chaoborus punctipennis,insect,insect,insect,insect,Chaoboridae,Diptera          ,Insecta       ,125923,
Chaoborus spp.,insect,insect,insect,insect,Chaoboridae,Diptera          ,Insecta       ,#N/A,
coenagrionidae,insect,insect,insect,insect,Coenagrionoidea,odonata     ,Insecta,,
culicidae,insect,insect,insect,insect,Chironomidae,Diptera          ,Insecta       ,,
curculionidae,insect,insect,insect,insect,Curculionidae,Coleoptera,Insecta,,
cyrnellus fraternus,insect,insect,insect,insect,Polycentropodidae,Trichoptera,Insecta,,
cyrnellus spp.,insect,insect,insect,insect,Polycentropodidae,Trichoptera,Insecta,,
ephemeroptera,insect,insect,insect,insect,.,Ephemeroptera,Insecta,,
hexagenia limbata,insect,insect,insect,insect,Ephemeidae       ,Ephemeroptera,Insecta       ,,
Hexagenia spp.,insect,insect,insect,insect,Ephemeidae       ,Ephemeroptera,Insecta       ,#N/A,
hydroporini spp.,insect,insect,insect,insect,Dytiscidae,Coleoptera,Insecta,,
leptoceridae,insect,insect,insect,insect,Leptoceridae,Trichoptera,Insecta,,
liodessus flavicollis,insect,insect,insect,insect,Dytiscidae,Coleoptera,Insecta,,
mallochohelea spp.,insect,insect,insect,insect,Ceratopogonidae,Diptera,Insecta,,
nectopsyche spp.,insect,insect,insect,insect,Leptoceridae,Trichoptera,Insecta,,
odonata,insect,insect,insect,insect,.,odonata     ,Insecta,,
oecetis cf. parva,insect,insect,insect,insect, Leptoceridae         ,Trichoptera,Insecta       ,,
oecetis conspicua,insect,insect,insect,insect, Leptoceridae         ,Trichoptera,Insecta       ,,
oecetis furva group,insect,insect,insect,insect, Leptoceridae         ,Trichoptera,Insecta       ,,
Oecetis inconspicua,insect,insect,insect,insect, Leptoceridae         ,Trichoptera,Insecta       ,116613,
Oecetis spp.,insect,insect,insect,insect, Leptoceridae         ,Trichoptera,Insecta       ,#N/A,
orthotrichia spp.,insect,insect,insect,insect,Hydroptillidae ,Trichoptera,Insecta,,
sialis spp.,insect,insect,insect,insect,Sialidae,Megaloptera,Insecta,,
stenelmis crenata,insect,insect,insect,insect,Elmidae              ,Coleoptera,Insecta       ,,
Stenelmis spp.,insect,insect,insect,insect,Elmidae              ,Coleoptera,Insecta       ,#N/A,
Aegathoa medialis,isopods,amphipods_isopods,small_crust,isopod,Cymothoidae  ,Isopoda         ,Malacostraca,92440,
ancinus depressus,isopods,amphipods_isopods,small_crust,isopod,Ancinidae,Isopoda         ,Malacostraca,,
asellus spp.,isopods,amphipods_isopods,small_crust,isopod,Asellidae,Isopoda         ,Malacostraca,,
Cassidinidea ovalis,isopods,amphipods_isopods,small_crust,isopod,Sphaeromatidea         ,Isopoda         ,Malacostraca,92348,
Chiridotea almyra,isopods,amphipods_isopods,small_crust,isopod,Chaetilidae        ,Isopoda         ,Malacostraca,92638,
Chiridotea arenicola,isopods,amphipods_isopods,small_crust,isopod,Chaetilidae        ,Isopoda         ,Malacostraca,92639,
Chiridotea caeca,isopods,amphipods_isopods,small_crust,isopod,Chaetilidae        ,Isopoda         ,Malacostraca,92641,
Chiridotea nigrescens,isopods,amphipods_isopods,small_crust,isopod,Chaetilidae        ,Isopoda         ,Malacostraca,92642,
chiridotea spp.,isopods,amphipods_isopods,small_crust,isopod,Chaetilidae        ,Isopoda         ,Malacostraca,92642,
cyathura burbancki,isopods,amphipods_isopods,small_crust,isopod,Anthuridae      ,Isopoda         ,Malacostraca,,
Cyathura polita,isopods,amphipods_isopods,small_crust,isopod,Anthuridae      ,Isopoda         ,Malacostraca,92149,
Cyathura spp.,isopods,amphipods_isopods,small_crust,isopod,Anthuridae      ,Isopoda         ,Malacostraca,#N/A,
Edotea triloba,isopods,amphipods_isopods,small_crust,isopod,Idoteidae   ,Isopoda         ,Malacostraca,92627,
Erichsonella attenuata,isopods,amphipods_isopods,small_crust,isopod,Idoteidae   ,Isopoda         ,Malacostraca,92618,
Erichsonella filiformis,isopods,amphipods_isopods,small_crust,isopod,Idoteidae   ,Isopoda         ,Malacostraca,92619,
exosphaeroma spp.,isopods,amphipods_isopods,small_crust,isopod,Sphaeromatidae,Isopoda         ,Malacostraca,,
idotea balthica,isopods,amphipods_isopods,small_crust,isopod,Idoteidae   ,Isopoda         ,Malacostraca,,
idotea spp.,isopods,amphipods_isopods,small_crust,isopod,Idoteidae   ,Isopoda         ,Malacostraca,,
Idoteidae,isopods,amphipods_isopods,small_crust,isopod,Idoteidae   ,Isopoda         ,Malacostraca,92564,
paracerceis caudata,isopods,amphipods_isopods,small_crust,isopod,Sphaeromatidae,Isopoda         ,Malacostraca,,
Ptilanthura tenuis,isopods,amphipods_isopods,small_crust,isopod,Anthuridae       ,Isopoda         ,Malacostraca,92155,
sphaeroma quadridentatum,isopods,amphipods_isopods,small_crust,isopod,Sphaeromatidae,Isopoda         ,Malacostraca,,
synidotea laevidorsalis,isopods,amphipods_isopods,small_crust,isopod,Idoteidae     ,Isopoda         ,Malacostraca,,
Synidotea laticauda,isopods,amphipods_isopods,small_crust,isopod,Idoteidae     ,Isopoda         ,Malacostraca,92581,
Synidotea spp.,isopods,amphipods_isopods,small_crust,isopod,Idoteidae     ,Isopoda         ,Malacostraca,#N/A,
Squilla empusa,large_shrimp,large_decapod,decapod_shrimp,mantis_shrimp,Squillidae,Decapoda ,Malacostraca,99143,
Americamysis almyra,small_crust,small_crust,small_crust,mysids,Mysidae  ,Mysida        ,Malacostraca,#N/A,
Americamysis bigelowi,small_crust,small_crust,small_crust,mysids,Mysidae  ,Mysida        ,Malacostraca,#N/A,
Americamysis spp.,small_crust,small_crust,small_crust,mysids,Mysidae  ,Mysida        ,Malacostraca,#N/A,
Mysidae,small_crust,small_crust,small_crust,mysids,Mysidae  ,Mysida        ,Malacostraca,89856,
Neomysis americana,small_crust,small_crust,small_crust,mysids,Mysidae  ,Mysida        ,Malacostraca,90062,
Amphiporus bioculatus,nemertean,nemertean,worms,nemertean,Amphiporidae,Monostilifera,Enopla              ,57533,
Carinoma tremaphoros,nemertean,nemertean,worms,nemertean,Carinomidae  ,Paleonemertea,Anopla         ,57429,
Micrura leidyi,nemertean,nemertean,worms,nemertean,Lineidae,Monostilifera,Enopla         ,57477,
Nemertina,nemertean,nemertean,worms,nemertean,.                          ,.                       ,.                          ,#N/A,
carinomella lactea,nemertean,nemertean,worms,nemertean,carinomellidae,Paleonemertea,Nemertea,,
prostoma rubrum,nemertean,nemertean,worms,nemertean,Tetrastemmatidae,Hoplonemertea,Nemertea,,
No Organisms Present,.,.,.,No Organisms Present,.,.,.,#N/A,
Doridella obscura,gastropod,gastropod,Gastropods,nudibranch,Corambidae,Nudibranchia,Gastropoda,78439,
Onchidoris aspersa,gastropod,gastropod,Gastropods,nudibranch,Onchidorididae,Nudibranchia,Gastropoda,78377,
Arcteonais lomondi,oligocheate,oligocheate,worms,oligocheate,Naididae     ,Tubificida,Oligochaeta,68976,
Aulodrilus pigueti,oligocheate,oligocheate,worms,oligocheate,Naididae     ,Tubificida,Oligochaeta,68680,
Bothrioneurum vejdovsky,oligocheate,oligocheate,worms,oligocheate,Naididae     ,Tubificida,Oligochaeta,#N/A,
bothrioneurum vejdovskyanum,oligocheate,oligocheate,worms,oligocheate,Naididae     ,Tubificida,Oligochaeta,#N/A,
branchiodrilus spp.,oligocheate,oligocheate,worms,oligocheate,Naididae     ,Tubificida,Oligochaeta,,
Branchiura sowerbyi,oligocheate,oligocheate,worms,oligocheate,Naididae     ,Tubificida,Oligochaeta,68621,
Dero spp.,oligocheate,oligocheate,worms,oligocheate,Naididae     ,Tubificida,Oligochaeta,#N/A,
Enchytraeidae,oligocheate,oligocheate,worms,oligocheate,Enchytraeidae,Tubificida,Oligochaeta,68510,
Harnischia spp.,oligocheate,oligocheate,worms,oligocheate,Chironomidea,Diptera     ,Insecta,#N/A,
Ilyodrilus templetoni,oligocheate,oligocheate,worms,oligocheate,Naididae     ,Tubificida,Oligochaeta,68662,
Isochaetides freyi,oligocheate,oligocheate,worms,oligocheate,Naididae     ,Tubificida,Oligochaeta,68810,
Limnodrilus cervix,oligocheate,oligocheate,worms,oligocheate,Naididae     ,Tubificida,Oligochaeta,68652,
Limnodrilus hoffmeister,oligocheate,oligocheate,worms,oligocheate,Naididae     ,Tubificida,Oligochaeta,#N/A,
limnodrilus hoffmeisteri,oligocheate,oligocheate,worms,oligocheate,Naididae     ,Tubificida,Oligochaeta,,
limnodrilus spp.,oligocheate,oligocheate,worms,oligocheate,Naididae     ,Tubificida,Oligochaeta,,
Limnodrilus udekemianus,oligocheate,oligocheate,worms,oligocheate,Naididae     ,Tubificida,Oligochaeta,68644,
lumbriculidae,oligocheate,oligocheate,worms,oligocheate,Lumbriculidae,Lumbriculida,Clitellata    ,,
Nais communis,oligocheate,oligocheate,worms,oligocheate,Tubificidae,Tubificida,Oligochaeta,68950,
Nais simplex,oligocheate,oligocheate,worms,oligocheate,Tubificidae,Tubificida,Oligochaeta,68957,
Nais spp.,oligocheate,oligocheate,worms,oligocheate,Tubificidae,Tubificida,Oligochaeta,#N/A,
Nais variabilis,oligocheate,oligocheate,worms,oligocheate,Tubificidae,Tubificida,Oligochaeta,68959,
Oligochaeta,oligocheate,oligocheate,worms,oligocheate,.,.,Oligochaeta,68422,
Paranais frici,oligocheate,oligocheate,worms,oligocheate,Naididae     ,Tubificida,Oligochaeta,68865,
Paranais litoralis,oligocheate,oligocheate,worms,oligocheate,Naididae     ,Tubificida,Oligochaeta,68863,
paranais spp.,oligocheate,oligocheate,worms,oligocheate,Naididae     ,Tubificida,Oligochaeta,,
potamothrix vejdovskyi,oligocheate,oligocheate,worms,oligocheate,Naididae     ,Clitellata,Oligochaeta,,
pristina osborni,oligocheate,oligocheate,worms,oligocheate,Naididae     ,Clitellata,Oligochaeta,,
Pristinella osborni,oligocheate,oligocheate,worms,oligocheate,Naididae     ,Tubificida,Oligochaeta,69026,
Quistadrilus multisetos,oligocheate,oligocheate,worms,oligocheate,Naididae     ,Tubificida,Oligochaeta,#N/A,
quistadrilus multisetosus,oligocheate,oligocheate,worms,oligocheate,Naididae     ,Tubificida,Oligochaeta,,
stephensoniana spp.,oligocheate,oligocheate,worms,oligocheate,Naididae     ,Tubificida,Oligochaeta,,
stylaria lacustris,oligocheate,oligocheate,worms,oligocheate,Naididae     ,Tubificida,Oligochaeta,,
tubifex spp.,oligocheate,oligocheate,worms,oligocheate,Naididae     ,Tubificida,Oligochaeta,,
tubificidae,oligocheate,oligocheate,worms,oligocheate,Naididae     ,Tubificida,Oligochaeta,,
Tubificidae imm. with c,oligocheate,oligocheate,worms,oligocheate,Naididae     ,Tubificida,Oligochaeta,#N/A,
tubificidae imm. with capilliform chaetae,oligocheate,oligocheate,worms,oligocheate,Naididae     ,Tubificida,Oligochaeta,,
Tubificidae imm. withou,oligocheate,oligocheate,worms,oligocheate,Naididae     ,Tubificida,Oligochaeta,#N/A,
tubificidae imm. without capilliform chaetae,oligocheate,oligocheate,worms,oligocheate,Naididae     ,Tubificida,Oligochaeta,,
Tubificoides spp.,oligocheate,oligocheate,worms,oligocheate,Naididae     ,Tubificida,Oligochaeta,#N/A,
uncinais uncinata,oligocheate,oligocheate,worms,oligocheate,Naididae     ,Tubificida,Oligochaeta,,
leptochela serratorbita,large_shrimp,small_crust,small_crust,other_shrimp,Pasiphaeidae,Decapoda,Malacostraca,,
dugesia spp.,.,.,.,platyhelminth,Dugesiidae,Tricladida,Rhabditophora,,
dugesia tigrina,.,.,.,platyhelminth,Dugesiidae,Tricladida,Rhabditophora,,
girardia tigrina,.,.,.,platyhelminth,Dugesiidae,Tricladida,Rhabditophora,,
neorhabdocela,.,.,.,platyhelminth,.,.,Rhabdocoela,,
Aglaophamus verrilli,polychaete,polychaete,worms,polychaete,Nephtyidae        ,Phyllodocida,Polychaeta,66052,
Amastigos caperatus,polychaete,polychaete,worms,polychaete,Capitellidae,Scolecida,Polychaeta,#N/A,
Ampharete acutifrons,polychaete,polychaete,worms,polychaete,Ampharetidae,Terebellida,Polychaeta,67735,
ampharetidae,polychaete,polychaete,worms,polychaete,Ampharetidae,Terebellida,Polychaeta,,
Ancistrosyllis commensa,polychaete,polychaete,worms,polychaete,Pilargidae,Phyllodocida,Polychaeta,#N/A,
ancistrosyllis commensalis,polychaete,polychaete,worms,polychaete,Pilargidae,Phyllodocida,Polychaeta,,
Ancistrosyllis hartmana,polychaete,polychaete,worms,polychaete,Pilargidae,Phyllodocida,Polychaeta,#N/A,
ancistrosyllis hartmanae,polychaete,polychaete,worms,polychaete,Pilargidae,Phyllodocida,Polychaeta,,
Ancistrosyllis jonesi,polychaete,polychaete,worms,polychaete,Pilargidae,Phyllodocida,Polychaeta,65544,
Ancistrosyllis spp.,polychaete,polychaete,worms,polychaete,Pilargidae,Phyllodocida,Polychaeta,#N/A,
Antinoella sarsi,polychaete,polychaete,worms,polychaete,Polynoidae,Phyllodocida,Polychaeta,64411,
Apoprionospio pygmaea,polychaete,polychaete,worms,polychaete,Spionidae   ,Spionida,Polychaeta,66847,
Arabella iricolor,polychaete,polychaete,worms,polychaete,Oenonidae,Eunicida  ,Polychaeta,66441,
Arabellidae,polychaete,polychaete,worms,polychaete,Arabellidae,Eunicida  ,Polychaeta,66422,
Aricidea catherinae,polychaete,polychaete,worms,polychaete,Paraonidae,Cirratulida,Polychaeta,66765,
Aricidea cerrutii,polychaete,polychaete,worms,polychaete,Paraonidae,Cirratulida,Polychaeta,204494,
Aricidea fragilis,polychaete,polychaete,worms,polychaete,Paraonidae,Cirratulida,Polychaeta,66678,
aricidea spp.,polychaete,polychaete,worms,polychaete,Paraonidae,Cirratulida,Polychaeta,,
Aricidea wassi,polychaete,polychaete,worms,polychaete,Paraonidae,Cirratulida,Polychaeta,66673,
Asabellides oculata,polychaete,polychaete,worms,polychaete,Ampharetidae,Terebellida,Polychaeta,67786,
Autolytus spp.,polychaete,polychaete,worms,polychaete,Syllidae   ,Phyllodocida,Polychaeta,#N/A,
Bhawania heteroseta,polychaete,polychaete,worms,polychaete,Chrysopetalidae,Phyllodocida,Polychaeta,65159,
boccardiella hamata,polychaete,polychaete,worms,polychaete,Spionidae   ,Spionida ,Polychaeta,,
Boccardiella ligerica,polychaete,polychaete,worms,polychaete,Spionidae   ,Spionida ,Polychaeta,67012,
Brania clavata,polychaete,polychaete,worms,polychaete,Syllidae   ,Phyllodocida,Polychaeta,65761,
Brania wellfleetensis,polychaete,polychaete,worms,polychaete,Syllidae   ,Phyllodocida,Polychaeta,65762,
Cabira incerta,polychaete,polychaete,worms,polychaete,Pilargidae,Phyllodocida,Polychaeta,65565,
Capitella capitata comp,polychaete,polychaete,worms,polychaete,Capitellidae,Scolecida,Polychaeta,#N/A,
capitella capitata complex,polychaete,polychaete,worms,polychaete,Capitellidae,Scolecida,Polychaeta,,
capitellidae,polychaete,polychaete,worms,polychaete,Capitellidae,Scolecida,Polychaeta,,
Capitellides jonesi,polychaete,polychaete,worms,polychaete,Capitellidae,Scolecida,Polychaeta,67450,
capitellides sp.,polychaete,polychaete,worms,polychaete,Capitellidae,Scolecida,Polychaeta,,
capitomastus aciculatus,polychaete,polychaete,worms,polychaete,Capitellidae,Scolecida,Polychaeta,,
Carazziella hobsonae,polychaete,polychaete,worms,polychaete,Spionidae   ,Spionida,Polychaeta,67003,
Caulleriella venefica,polychaete,polychaete,worms,polychaete,Cirratulidae,Terebellida,Polychaeta,#N/A,
Ceratonereis irritabili,polychaete,polychaete,worms,polychaete,Nereididae,Phyllodocida,Polychaeta,#N/A,
ceratonereis irritabilis,polychaete,polychaete,worms,polychaete,Nereididae,Phyllodocida,Polychaeta,65874,
Chaetopterus variopedat,polychaete,polychaete,worms,polychaete,Chaetopteridae,Phyllodocida,Polychaeta,#N/A,
chaetopterus variopedatus,polychaete,polychaete,worms,polychaete,Chaetopteridae,Phyllodocida,Polychaeta,67097,
Chaetozone setosa,polychaete,polychaete,worms,polychaete,Cirratulidae,Terebellida,Polychaeta,67157,
Cirratulidae,polychaete,polychaete,worms,polychaete,Cirratulidae,Terebellida,Polychaeta,67116,
Cirrophorus furcatus,polychaete,polychaete,worms,polychaete,Paraonidae,Cirratulida,Polychaeta,66714,
Cirrophorus lyriformis,polychaete,polychaete,worms,polychaete,Paraonidae,Cirratulida,Polychaeta,66709,
Cirrophorus spp.,polychaete,polychaete,worms,polychaete,Paraonidae,Cirratulida,Polychaeta,#N/A,
Clymenella torquata,polychaete,polychaete,worms,polychaete,Maldanidae,Scolecida,Polychaeta,67528,
cossuridae,polychaete,polychaete,worms,polychaete,Cossuridae,Scolecida,Polychaeta,,
Demonax microphthalmus,polychaete,polychaete,worms,polychaete,Sabellidae,Canalipalpata,Polychaeta,68222,
Diopatra cuprea,polychaete,polychaete,worms,polychaete,Onuphidae,Eunicida  ,Polychaeta,66180,
Dipolydora caulleryi,polychaete,polychaete,worms,polychaete,Spionidae   ,Spionida ,Polychaeta,#N/A,
dipolydora commensalis,polychaete,polychaete,worms,polychaete,Spionidae   ,Spionida ,Polychaeta,,
Dipolydora quadrilobata,polychaete,polychaete,worms,polychaete,Spionidae   ,Spionida ,Polychaeta,#N/A,
Dipolydora socialis,polychaete,polychaete,worms,polychaete,Spionidae   ,Spionida ,Polychaeta,#N/A,
Dorvillea rudolphi,polychaete,polychaete,worms,polychaete,Dorvilleidae,Eunicida  ,Polychaeta,66525,
Drilonereis longa,polychaete,polychaete,worms,polychaete,Oenonidae,Eunicida  ,Polychaeta,66426,
Drilonereis magna,polychaete,polychaete,worms,polychaete,Oenonidae,Eunicida  ,Polychaeta,66431,
Drilonereis spp.,polychaete,polychaete,worms,polychaete,Oenonidae,Eunicida  ,Polychaeta,#N/A,
Eteone foliosa,polychaete,polychaete,worms,polychaete,Phyllodocidae,Phyllodocida,Polychaeta,65270,
Eteone heteropoda,polychaete,polychaete,worms,polychaete,Phyllodocidae,Phyllodocida,Polychaeta,65266,
Eteone lactea,polychaete,polychaete,worms,polychaete,Phyllodocidae,Phyllodocida,Polychaeta,65267,
eteone longa,polychaete,polychaete,worms,polychaete,Phyllodocidae,Phyllodocida,Polychaeta,,
Euclymene zonalis,polychaete,polychaete,worms,polychaete,Maldanidae,Scolecida,Polychaeta,67586,
eumida sanguinea,polychaete,polychaete,worms,polychaete,Phyllodocidae,Phyllodocida,Polychaeta,,
Exogone dispar,polychaete,polychaete,worms,polychaete,Syllidae   ,Phyllodocida,Polychaeta,65722,
genetyllis castanea,polychaete,polychaete,worms,polychaete,Phyllodocidae,Phyllodocida,Polychaeta,,
Glycera americana,polychaete,polychaete,worms,polychaete,Glyceridae,Phyllodocida,Polychaeta,66106,
glycera capitata,polychaete,polychaete,worms,polychaete,Glyceridae,Phyllodocida,Polychaeta,,
Glycera dibranchiata,polychaete,polychaete,worms,polychaete,Glyceridae,Phyllodocida,Polychaeta,66107,
Glycera robusta,polychaete,polychaete,worms,polychaete,Glyceridae,Phyllodocida,Polychaeta,66108,
glycera sphyrabrancha,polychaete,polychaete,worms,polychaete,Glyceridae,Phyllodocida,Polychaeta,,
Glycera spp.,polychaete,polychaete,worms,polychaete,Glyceridae,Phyllodocida,Polychaeta,#N/A,
Glycinde solitaria,polychaete,polychaete,worms,polychaete,Goniadidae,Phyllodocida,Polychaeta,66132,
Gyptis crypta,polychaete,polychaete,worms,polychaete,Hesionidae,Phyllodocida,Polychaeta,#N/A,
Harmothoe extenuata,polychaete,polychaete,worms,polychaete,Polynoidae,Phyllodocida,Polychaeta,64509,
Harmothoe spp.,polychaete,polychaete,worms,polychaete,Polynoidae,Phyllodocida,Polychaeta,#N/A,
hauchiella sp. a kritzler,polychaete,polychaete,worms,polychaete,Terebellidae,Terebellida,Polychaeta,,
hemipodus roseus,polychaete,polychaete,worms,polychaete,Glyceridae,Phyllodocida,Polychaeta,,
hermundura americana,polychaete,polychaete,worms,polychaete,Pilargidae,Phyllodocida,Polychaeta,,
hermundura fauveli,polychaete,polychaete,worms,polychaete,Pilargidae,Phyllodocida,Polychaeta,,
Heteromastus filiformis,polychaete,polychaete,worms,polychaete,Capitellidae,Scolecida,Polychaeta,67420,
Hobsonia florida,polychaete,polychaete,worms,polychaete,Ampharetidae,Terebellida,Polychaeta,67755,
Hydroides dianthus,polychaete,polychaete,worms,polychaete,Serpulidae,Sabellida,Polychaeta,68282,
Hydroides protulicola,polychaete,polychaete,worms,polychaete,Serpulidae,Sabellida,Polychaeta,68283,
Laeonereis culveri,polychaete,polychaete,worms,polychaete,Nereididae,Phyllodocida,Polychaeta,65965,
Leitoscoloplos fragilis,polychaete,polychaete,worms,polychaete,Orbiniidae,Scolecida,Polychaeta,66656,
Leitoscoloplos robustus,polychaete,polychaete,worms,polychaete,Orbiniidae,Scolecida,Polychaeta,182728,
Leitoscoloplos spp.,polychaete,polychaete,worms,polychaete,Orbiniidae,Scolecida,Polychaeta,#N/A,
Lepidametria commensali,polychaete,polychaete,worms,polychaete,Polynoidae,Phyllodocida,Polychaeta,#N/A,
lepidametria commensalis,polychaete,polychaete,worms,polychaete,Polynoidae,Phyllodocida,Polychaeta,,
Lepidonotus sublevis,polychaete,polychaete,worms,polychaete,Polynoidae,Phyllodocida,Polychaeta,64610,
lepidonotus variabilis,polychaete,polychaete,worms,polychaete,Polynoidae,Phyllodocida,Polychaeta,,
Levinsenia gracilis,polychaete,polychaete,worms,polychaete,Paraonidae,Cirratulida,Polychaeta,66729,
Loimia medusa,polychaete,polychaete,worms,polychaete,Terebellidae,Terebellida,Polychaeta,68015,
Loimia spp.,polychaete,polychaete,worms,polychaete,Terebellidae,Terebellida,Polychaeta,#N/A,
loimia viridis,polychaete,polychaete,worms,polychaete,Terebellidae,Terebellida,Polychaeta,,
lumbrineridae,polychaete,polychaete,worms,polychaete,Lumbrineridae,Eunicida  ,Polychaeta,,
Lysidice ninetta,polychaete,polychaete,worms,polychaete,Eunicidae,Eunicida  ,Polychaeta,66320,
lysidice unicornis,polychaete,polychaete,worms,polychaete,Eunicidae,Eunicida  ,Polychaeta,,
lysilla alba,polychaete,polychaete,worms,polychaete,Terebellidae,Terebellida,Polychaeta,,
Magelona spp.,polychaete,polychaete,worms,polychaete,Magelonidae,Spionida,Polychaeta,#N/A,
Maldanidae,polychaete,polychaete,worms,polychaete,Maldanidae,Scolecida,Polychaeta,67515,
Malmgreniella taylori,polychaete,polychaete,worms,polychaete,Polynoidae,Phyllodocida,Polychaeta,#N/A,
Manayunkia aestuarina,polychaete,polychaete,worms,polychaete,Fabriciidae,Sabellida,Polychaeta,68171,
Marenzelleria viridis,polychaete,polychaete,worms,polychaete,Spionidae   ,Spionida,Polychaeta,#N/A,
marphysa sanguinea,polychaete,polychaete,worms,polychaete,Eunicidae,Eunicida  ,Polychaeta,,
Mediomastus ambiseta,polychaete,polychaete,worms,polychaete,Capitellidae,Scolecida,Polychaeta,67439,
melinna maculata,polychaete,polychaete,worms,polychaete,Terebellidae,Terebellida,Polychaeta,,
Microphthalmus aberrans,polychaete,polychaete,worms,polychaete,Hesionidae,Phyllodocida,Polychaeta,65478,
Microphthalmus sczelkow,polychaete,polychaete,worms,polychaete,Hesionidae,Phyllodocida,Polychaeta,#N/A,
microphthalmus sczelkowii,polychaete,polychaete,worms,polychaete,Hesionidae,Phyllodocida,Polychaeta,,
Microphthalmus spp.,polychaete,polychaete,worms,polychaete,Hesionidae,Phyllodocida,Polychaeta,#N/A,
Microspio pigmentata,polychaete,polychaete,worms,polychaete,Spionidae   ,Spionida,Polychaeta,66972,
Monticellina dorsobranc,polychaete,polychaete,worms,polychaete,Cirratulidae,Terebellida,Polychaeta,#N/A,
monticellina dorsobranchialis,polychaete,polychaete,worms,polychaete,Cirratulidae,Terebellida,Polychaeta,,
mystides borealis,polychaete,polychaete,worms,polychaete,Phyllodocidae,Phyllodocida,Polychaeta,,
neanthes arenaceodentata,polychaete,polychaete,worms,polychaete,Nereididae,Phyllodocida,Polychaeta,,
Neanthes succinea,polychaete,polychaete,worms,polychaete,Nereididae,Phyllodocida,Polychaeta,65918,
Nephtyidae,polychaete,polychaete,worms,polychaete,Nephtyidae        ,Phyllodocida,Polychaeta,66010,
Nephtys bucera,polychaete,polychaete,worms,polychaete,Nephtyidae        ,Phyllodocida,Polychaeta,66027,
Nephtys incisa,polychaete,polychaete,worms,polychaete,Nephtyidae        ,Phyllodocida,Polychaeta,66028,
Nephtys picta,polychaete,polychaete,worms,polychaete,Nephtyidae        ,Phyllodocida,Polychaeta,66030,
Nephtys spp.,polychaete,polychaete,worms,polychaete,Nephtyidae        ,Phyllodocida,Polychaeta,#N/A,
Nereididae,polychaete,polychaete,worms,polychaete,Nereididae,Phyllodocida,Polychaeta,#N/A,
nereis grayi,polychaete,polychaete,worms,polychaete,Nereididae,Phyllodocida,Polychaeta,,
Nereis spp.,polychaete,polychaete,worms,polychaete,Nereididae,Phyllodocida,Polychaeta,#N/A,
notocirrus spiniferus,polychaete,polychaete,worms,polychaete,Oenonidae,Eunicida  ,Polychaeta,            ,
notomastus hemipodus,polychaete,polychaete,worms,polychaete,Capitellidae,Scolecida,Polychaeta,,
Notomastus sp. A Ewing,polychaete,polychaete,worms,polychaete,Capitellidae,Scolecida,Polychaeta,#N/A,
Notomastus spp.,polychaete,polychaete,worms,polychaete,Capitellidae,Scolecida,Polychaeta,#N/A,
odontosyllis fulgurans,polychaete,polychaete,worms,polychaete,Syllidae   ,Phyllodocida,Polychaeta,,
onuphis eremita,polychaete,polychaete,worms,polychaete,Onuphidae,Eunicida  ,Polychaeta,,
ophelia denticulata,polychaete,polychaete,worms,polychaete,Opheliidae,Scolecida,Polychaeta,,
Orbiniidae,polychaete,polychaete,worms,polychaete,Orbiniidae,Scolecida,Polychaeta,66570,
Owenia fusiformis,polychaete,polychaete,worms,polychaete,Oweniidae,Sabellida,Polychaeta,67647,
paradoneis sp. b morris,polychaete,polychaete,worms,polychaete,Paraonidae,Scolecida,Polychaeta,,
Parahesione luteola,polychaete,polychaete,worms,polychaete,Hesionidae,Phyllodocida,Polychaeta,65493,
Paranaitis speciosa,polychaete,polychaete,worms,polychaete,Phyllodocidae,Phyllodocida,Polychaeta,65321,
Parandalia tricuspis,polychaete,polychaete,worms,polychaete,Pilargidae,Phyllodocida,Polychaeta,#N/A,
paraonidae,polychaete,polychaete,worms,polychaete,Paraonidae,Cirratulida,Polychaeta,,
Paraonis fulgens,polychaete,polychaete,worms,polychaete,Paraonidae,Cirratulida,Polychaeta,66697,
Parapionosyllis longici,polychaete,polychaete,worms,polychaete,Syllidae   ,Phyllodocida,Polychaeta,#N/A,
parapionosyllis longicirrata,polychaete,polychaete,worms,polychaete,Syllidae   ,Phyllodocida,Polychaeta,,
Paraprionospio pinnata,polychaete,polychaete,worms,polychaete,Spionidae   ,Spionida,Polychaeta,66937,
Pectinaria gouldii,polychaete,polychaete,worms,polychaete,Pectinariidae,Terebellida,Polychaeta,#N/A,
Pholoe minuta,polychaete,polychaete,worms,polychaete,Pectinariidae,Terebellida,Polychaeta,65074,
Phyllodoce arenae,polychaete,polychaete,worms,polychaete,Pholoidae,Phyllodocida,Polychaeta,65366,
Phyllodoce fragilis,polychaete,polychaete,worms,polychaete,Pholoidae,Phyllodocida,Polychaeta,65337,
phyllodocidae,polychaete,polychaete,worms,polychaete,Pholoidae,Phyllodocida,Polychaeta,,
Pilargidae,polychaete,polychaete,worms,polychaete,Pilargidae,Phyllodocida,Polychaeta,65540,
pista cristata,polychaete,polychaete,worms,polychaete,Terebellidae,Terebellida,Polychaeta,,
Pista palmata,polychaete,polychaete,worms,polychaete,Terebellidae,Terebellida,Polychaeta,67947,
Pista quadrilobata,polychaete,polychaete,worms,polychaete,Terebellidae,Terebellida,Polychaeta,67951,
Platynereis dumerilii,polychaete,polychaete,worms,polychaete,Nereididae,Phyllodocida,Polychaeta,65950,
Podarke obscura,polychaete,polychaete,worms,polychaete,Hesionidae,Phyllodocida,Polychaeta,65517,
Podarkeopsis levifuscin,polychaete,polychaete,worms,polychaete,Hesionidae,Phyllodocida,Polychaeta,#N/A,
podarkeopsis levifuscina,polychaete,polychaete,worms,polychaete,Hesionidae,Phyllodocida,Polychaeta,,
Polycirrus eximius,polychaete,polychaete,worms,polychaete,Terebellidae,Terebellida,Polychaeta,67963,
Polydora cornuta,polychaete,polychaete,worms,polychaete,Spionidae   ,Spionida,Polychaeta,204501,
Polydora websteri,polychaete,polychaete,worms,polychaete,Spionidae   ,Spionida,Polychaeta,66802,
polygordius spp.,polychaete,polychaete,worms,polychaete,Polygordiidae,Canalipalpata,Polychaeta,,
polynoidae,polychaete,polychaete,worms,polychaete,Polynoidae,Phyllodocida,Polychaeta,,
prionospio heterobranchia,polychaete,polychaete,worms,polychaete,Spionidae   ,Spionida,Polychaeta,,
Prionospio perkinsi,polychaete,polychaete,worms,polychaete,Spionidae   ,Spionida,Polychaeta,66854,
Proceraea cornuta,polychaete,polychaete,worms,polychaete,Syllidae   ,Phyllodocida,Polychaeta,65591,
Proceraea spp.,polychaete,polychaete,worms,polychaete,Syllidae   ,Phyllodocida,Polychaeta,#N/A,
protodrilus spp.,polychaete,polychaete,worms,polychaete,Protodrilidae,Polychaeta incertae sedis,Polychaeta,,
Pseudeurythoe paucibran,polychaete,polychaete,worms,polychaete,Amphinomidae,Amphinomida,Polychaeta,#N/A,
pseudeurythoe paucibranchiata,polychaete,polychaete,worms,polychaete,Amphinomidae,Amphinomida,Polychaeta,,
pseudopotamilla reniformis,polychaete,polychaete,worms,polychaete,Sabellaridae,Sabellida,Polychaeta,,
Sabaco elongatus,polychaete,polychaete,worms,polychaete,Maldanidae,Scolecida,Polychaeta,#N/A,
Sabellaria vulgaris,polychaete,polychaete,worms,polychaete,Sabellaridae,Canalipalpata,Polychaeta,67671,
samythella elongata,polychaete,polychaete,worms,polychaete,Ampharetidae,Terebellida,Polychaeta,,
scalibregma inflatum,polychaete,polychaete,worms,polychaete,Scalibregmatidae,Scolecida,Polychaeta,,
Scolelepis bousfieldi,polychaete,polychaete,worms,polychaete,Spionidae   ,Spionida,Polychaeta,66944,
Scolelepis spp.,polychaete,polychaete,worms,polychaete,Spionidae   ,Spionida,Polychaeta,#N/A,
Scolelepis squamata,polychaete,polychaete,worms,polychaete,Spionidae   ,Spionida,Polychaeta,66943,
Scolelepis texana,polychaete,polychaete,worms,polychaete,Spionidae   ,Spionida,Polychaeta,66949,
scoletoma fragilis,polychaete,polychaete,worms,polychaete,Lumbrineridae,Eunicida  ,Polychaeta,,
scoletoma tenuis,polychaete,polychaete,worms,polychaete,Lumbrineridae,Eunicida  ,Polychaeta,,
Scoloplos rubra,polychaete,polychaete,worms,polychaete,Orbiniidae,Scolecida,Polychaeta,66603,
scoloplos texana,polychaete,polychaete,worms,polychaete,Orbiniidae,Scolecida,Polychaeta,,
sigalion arenicola,polychaete,polychaete,worms,polychaete,Sigalionidae,Phyllodocida,Polychaeta,,
Sigambra bassi,polychaete,polychaete,worms,polychaete,Pilargidae,Phyllodocida,Polychaeta,65554,
Sigambra spp.,polychaete,polychaete,worms,polychaete,Pilargidae,Phyllodocida,Polychaeta,#N/A,
Sigambra tentaculata,polychaete,polychaete,worms,polychaete,Pilargidae,Phyllodocida,Polychaeta,65552,
sphaerodoropsis spp.,polychaete,polychaete,worms,polychaete,Sphaerodoridae,Phyllodocida,Polychaeta,,
sphaerosyllis spp.,polychaete,polychaete,worms,polychaete,Syllidae   ,Phyllodocida,Polychaeta,,
Sphaerosyllis taylori,polychaete,polychaete,worms,polychaete,Syllidae   ,Phyllodocida,Polychaeta,65747,
Spio setosa,polychaete,polychaete,worms,polychaete,Spionidae   ,Spionida,Polychaeta,66868,
Spiochaetopterus costar,polychaete,polychaete,worms,polychaete,Chaetopteridae,Phyllodocida,Polychaeta,#N/A,
spiochaetopterus costarum,polychaete,polychaete,worms,polychaete,Chaetopteridae,Phyllodocida,Polychaeta,,
spionidae,polychaete,polychaete,worms,polychaete,Spionidae   ,Spionida,Polychaeta,,
Spiophanes bombyx,polychaete,polychaete,worms,polychaete,Chaetopteridae,Phyllodocida,Polychaeta,66897,
sthenelais boa,polychaete,polychaete,worms,polychaete,Sigalionidae,Phyllodocida,Polychaeta,,
sthenelais spp.,polychaete,polychaete,worms,polychaete,Sigalionidae,Phyllodocida,Polychaeta,,
Streblospio benedicti,polychaete,polychaete,worms,polychaete,Spionidae   ,Spionida,Polychaeta,66939,
Streptosyllis arenae,polychaete,polychaete,worms,polychaete,Syllidae   ,Phyllodocida,Polychaeta,65818,
streptosyllis pettiboneae,polychaete,polychaete,worms,polychaete,Syllidae   ,Phyllodocida,Polychaeta,,
Syllidae,polychaete,polychaete,worms,polychaete,Syllidae   ,Phyllodocida,Polychaeta,65587,
Syllides floridanus,polychaete,polychaete,worms,polychaete,Syllidae   ,Phyllodocida,Polychaeta,65815,
Syllides fulva,polychaete,polychaete,worms,polychaete,Syllidae   ,Phyllodocida,Polychaeta,65811,
Syllides spp.,polychaete,polychaete,worms,polychaete,Syllidae   ,Phyllodocida,Polychaeta,#N/A,
syllides verrilli,polychaete,polychaete,worms,polychaete,Syllidae   ,Phyllodocida,Polychaeta,,
Terebellidae,polychaete,polychaete,worms,polychaete,Terebellidae,Terebellida,Polychaeta,67899,
Thalassema hartmani,polychaete,polychaete,worms,polychaete,Echiuridae,Echiuroidea,Polychaeta,155119,
Tharyx sp. A Morris,polychaete,polychaete,worms,polychaete,Cirratulidae,Terebellida,Polychaeta,#N/A,
tharyx spp.,polychaete,polychaete,worms,polychaete,Cirratulidae,Terebellida,Polychaeta,,
travisia spp.,polychaete,polychaete,worms,polychaete,Travisiidae,Scolecida,Polychaeta,,
Pycnogonida,.,.,.,pycnogonid,.                               ,Pantopoda,Pycnogonida,83545,
Tanystylum orbiculare,.,.,.,pycnogonid,Ammotheidae,Pantopoda,Pycnogonida,83618,
Crangon septemspinosa,small_crust,small_crust,small_crust,sand_shrimp,Crangonidae,Decapoda ,Malacostraca,97110,
Hargeria rapax,small_crust,small_crust,small_crust,tanaidae,Leptocheliidae,Tanaidacea,Malacostraca,92068,
leptochelia dubia,small_crust,small_crust,small_crust,tanaidae,Leptocheliidae,Tanaidacea,Malacostraca,,
Leptognathia caeca,small_crust,small_crust,small_crust,tanaidae,Leptocheliidae,Tanaidacea,Malacostraca,91757,
Leptosynapta tenuis,small_crust,small_crust,small_crust,tanaidae,Leptocheliidae,Tanaidacea,Malacostraca,158432,
Tanaidacea,small_crust,small_crust,small_crust,tanaidae,Tanaidae,Tanaidacea,Malacostraca,91061,
Molgula lutulenta,tunicate,tunicate,tunicate,tunicate,Mogulidae,Stolidobranchia,Ascidiacea,159581,
Molgula manhattensis,tunicate,tunicate,tunicate,tunicate,Mogulidae,Stolidobranchia,Ascidiacea,159557,
ascidiacea,tunicate,tunicate,tunicate,tunicate,.,.,Ascidiacea,,
Echiura,other_worms,other_worms,worms,worm_annelid,.                        ,Echiura          ,Polychaeta,154972,
Hirudinea,other_worms,other_worms,worms,worm_leach,.                            ,.,Clitellata    ,69290,
Phoronis spp.,other_worms,other_worms,worms,worm_phoronidae,Phoronidae,.                      ,.                            ,#N/A,
Sipuncula,other_worms,other_worms,worms,worm_sipunculid,.                      ,.                     ,.                            ,154520,
